Job_title,Employer,City,Contract,Position,Mode,Recrutation,Required_technologies,Optional_technologies,Responsibilities,Requirement
Data Scientist & Junior Data Scientist ,Empik S.A.,Warszawa,"['umowa o pracę', 'kontrakt B2B']","['specjalista (Mid / Regular)', 'młodszy specjalista (Junior)']",['praca hybrydowa'],['rekrutacja zdalna'],"['Python', 'Git', 'Docker', 'ML', 'AI']","['PySpark', 'Azure']","['Budowę, wdrożenie i rozwój produktów Data Science w całej Grupie Empik z wykorzystaniem najnowszych narzędzi i technologii;', 'Dbanie o jakość rozwiązań\xa0i stosowanie\xa0dobrych\xa0praktyk;', 'Identyfikowanie potencjału zastosowania zaawansowanej analityki danych;', 'Współpracę z interesariuszami biznesowymi oraz technicznymi w firmie, w celu\xa0określania zakresu i celu projektów oraz i ich wdrożeń;', 'Interpretację biznesową wyników modeli oraz wypracowywanie rekomendacji biznesowych.']","['Posiadasz przynajmniej 1-2 letnie doświadczenie (stanowisko Data', 'Scientist) lub zdobyłeś/aś pierwsze doświadczenia w obszarze Data', 'Science (stanowisko Junior Data Scientist);', 'Ukończyłeś(aś) kierunek związany z Data Science (np. metody ilościowe / ekonometria, statystyka, informatyka, matematyka, fizyka itp.);', 'Masz praktyczne doświadczenie w stosowaniu\u202fML/AI w rozwiązaniach biznesowych;', 'Posiadasz doświadczenie w pracy z\xa0Python, dbasz o jakość rozwiązań;', 'MLOps\xa0nie są Ci obce (Git, Docker, CI/CD);', 'Umiesz myśleć analitycznie i potrafisz skutecznie komunikować złożone pomysły;', 'Jesteś zaangażowany(na), samodzielny(na)\xa0i potrafisz współpracować z innymi.', 'Doświadczenia pracy z Spark (PySpark, MLlib);', 'Znajomość chmury Azure;', 'Doświadczenie w stosowaniu współczesnych metod predykcji szeregów czasowych.']"
Junior Release Engineer,Hitachi Energy Services Sp. z o.o. ,Kraków,['contract of employment'],['junior specialist (Junior)'],['home office work'],['remote recruitment'],['Azure DevOps'],,"['Build, develop and maintain the Continuous Delivery toolchain, to achieve reliable and stable releases.', 'Develop and document the continuous deployment build and release process.', 'Interact with various global product teams to meet their specific needs.', 'Troubleshoot build and release issues, administrate servers daily.', 'Help implement process and tools improvements.', 'Develop and extend dashboard solutions.']","[""Bachelor's degree (B. S.) from four-year college or university in computer science, information sciences, or a related field."", 'Build pipeline scripting (Python, YAML, etc).', 'Version control systems – GIT, TFVC.', 'Build management - Jenkins, Azure DevOps, MSBuild, CMake.', 'Management of servers running Linux and Windows.', 'Familiarity with Windows and Linux based systems and technologies as well as system administration.', 'Good communication in English to explain and document your ideas and plans for different audiences.', 'Experience in working in a globally distributed team is a plus.', 'Experience in managing containerization and dockers is a plus.']"
Junior IT Systems Administrator,Hitachi Energy Services Sp. z o.o. ,Kraków,['contract of employment'],['junior specialist (Junior)'],['home office work'],['remote recruitment'],['Azure DevOps'],,"['Build, develop and maintain the Continuous Delivery toolchain, to achieve reliable and stable releases.', 'Develop and document the continuous deployment build and release process.', 'Interact with various global product teams to meet their specific needs.', 'Troubleshoot build and release issues, administrate servers daily.', 'Help implement process and tools improvements.', 'Develop and extend dashboard solutions.']","[""Bachelor's degree (B. S.) from four-year college or university in computer science, information sciences, or a related field."", 'Build pipeline scripting (Python, YAML, etc).', 'Version control systems – GIT, TFVC.', 'Build management - Jenkins, Azure DevOps, MSBuild, CMake.', 'Management of servers running Linux and Windows.', 'Familiarity with Windows and Linux based systems and technologies as well as system administration.', 'Good communication in English to explain and document your ideas and plans for different audiences.', 'Experience in working in a globally distributed team is a plus.', 'Experience in managing containerization and dockers is a plus.']"
DevOps Engineer,Icotera Sp. z o.o.,Szczecin,['umowa o pracę'],"['specjalista (Mid / Regular)', 'młodszy specjalista (Junior)']",['praca hybrydowa'],['rekrutacja zdalna'],,"['SVN', 'Git', 'Bash', 'Perl', 'Ruby', 'CShell']","[""Jako DevOps Engineer będziesz pracował z niesamowitym zespołem developerskim, tworzącym produkty dostępu do sieci - router'y, access point'y, switch'e - zapewniające użytkownikom najlepsze doświadczenia internetowe.""]","['Praktyczna wiedza z Linux’a - poziom zależny od Twojego doświadczenia,', 'Znajomość zagadnień sieciowych - model ISO/OSI model, znajomość protokołów sieciowych - poziom zależny od Twojego doświadczenia,', 'Znajomość co najmniej jednego języka programowania, np: Bash, CShell, Python, Perl, Ruby - poziom zależny od Twojego doświadczenia,', 'Doświadczenie z systemami kontroli wersji - svn, git - poziom zależny od Twojego doświadczenia,', 'Nastawienie na cel i wartości biznesowe,', 'Chęć zdobywania nowej wiedzy i nastawienie na ciągły rozwój,', 'Język angielski co najmniej na poziomie B1 - angielski na poziomie użytkowym jest przez nas używany na co dzień, komunikujemy się najczęściej przez chata, maila, piszemy też dużo dokumentacji technicznej, wszystkie zadania opisujemy po angielsku.']"
Młodszy Administrator systemów teleinformatycznych (Linux),KIR S.A.,Warszawa,['umowa o pracę'],['młodszy specjalista (Junior)'],['praca hybrydowa'],['rekrutacja zdalna'],"['Red Hat Enterprise Linux', 'Ansible', 'Bash', 'Python']",['technologie wirtualizacyjne'],"['Zapewnienie sprawnej pracy środowisk produkcyjnych i testowych działających pod kontrolą systemów Red Hat Linux.', 'Tworzenie i aktualizacja procedur administracyjnych oraz dokumentacji technicznej.', 'Tworzenie skryptów automatyzujących zadania administracyjne (bash, python, Ansible).', 'Pełnienie dyżurów telefonicznych (maksymalnie jeden tydzień w miesiącu).']","['Praktyczne doświadczenie z w/w technologiami.', 'Wykształcenie średnie bądź wyższe (preferowane techniczne).', 'Praktyczna znajomość systemów operacyjnych Red Hat Enterprise Linux.', 'Gotowość do podnoszenia kwalifikacji.', 'Dobra, praktyczna znajomość języka angielskiego.', 'Doświadczenie w pracy z technologiami wirtualizacyjnymi.']"
Tester Oprogramowania,ZF Group,Częstochowa,['umowa o pracę'],"['specjalista (Mid / Regular)', 'młodszy specjalista (Junior)']",['praca hybrydowa'],['rekrutacja zdalna'],"['Python', 'C', 'C++']",,"['Przygotowywanie przypadków testowych w oparciu o wymagania;', 'Testowanie oprogramowania dla aktywnych systemów bezpieczeństwa wspomagających kierowcę tj: kamery, radary, lidary i inne;', 'Wyszukiwanie błędów w oprogramowaniu;', 'Dostarczanie informacji na temat testowanego oprogramowania, raportowanie niezgodności.']","['Wykształcenie wyższe w tym studenci ostatnich lat (preferowane kierunki: Elektronika, Elektrotechnika, Informatyka lub pokrewne);', 'Znajomość dowolnego języka programowania (m.in. Python, C, C++);', 'Podstawowa wiedza z zakresu elektroniki i elektrotechniki;', 'Język angielski na poziomie komunikatywnym;', 'Mile widziana znajomość magistrali komunikacyjnych wykorzystywanych w branży automotive.']"
Młodszy Tester systemów wbudowanych (Python),ZF Group,Częstochowa,['umowa o pracę'],['młodszy specjalista (Junior)'],['praca hybrydowa'],['rekrutacja zdalna'],['Python'],,"['Implementacja i wykonywanie testów systemów wbudowanych ADAS (kamery i radary);', 'Tworzenie skryptów testowych w środowisku Python;', 'Raportowanie statusu testów oraz tworzenie niezbędnej dokumentacji;', 'Analiza wymagań systemowych oraz błędów wykrytych w procesie testowania.']","['Wykształcenie wyższe, preferowane: elektronika, informatyka, mechatronika, automatyka, matematyka bądź pokrewne (możliwe też zatrudnienie studentów ostatnich lat);', 'Umiejętność programowania, preferowany język Python;', 'Podstawowa wiedza z zakresu elektroniki i sprzętu laboratoryjnego (oscyloskop, multimetr);', 'Dobre zdolności komunikacyjne w mowie i piśmie, również w języku angielskim;', 'Umiejętność szybkiego uczenia się i adaptacji do dynamicznego środowiska pracy.']"
System Test and Validation Engineer,ZF Group,Bielsko-Biała,['contract of employment'],"['specialist (Mid / Regular)', 'junior specialist (Junior)']",['hybrid work'],['remote recruitment'],"['C', 'C#', 'Python']",,"['System testing for electro-mechanical steering systems (EPS)', 'Analysis of technical specifications, i.e. system requirements and corresponding documentation', 'Development of test suites and test cases according to verification criteria', 'Design, development and maintenance of SW and System Test and Validation team infrastructure', 'Execution of test cases for microcontroller systems using variety of methods & tools', 'Working with tools supporting verification of embedded systems, e.g. test design and automation frameworks (dSPACE, Vector), various laboratory equipment', 'Strong interaction and communication with engineering centers worldwide']","['Master’s or bachelor’s degree in engineering with background in electronics, computer science, telecommunication, mechatronics, biomedical engineering or similar', 'English language skills on at least communicative level', 'Basic understanding of electronic circuits and embedded systems', 'Experience with scripting languages is an advantage (C/C#, Python, bash, make etc.)', 'Ability to work with various laboratory equipment – test stations, power supplies, oscilloscopes etc.', 'Experience with electronics system testing - test design, system level problem investigation - nice to have', 'Experience within automotive industry is an advantage (including AUTOSAR, ISO 26262 or Automotive SPICE) - nice to have']"
Junior IT Specialist ,Dealavo Sp. z o.o.,Warszawa,"['umowa zlecenie', 'kontrakt B2B']",['młodszy specjalista (Junior)'],['praca hybrydowa'],,"['Python', 'SQL']","['JIRA', 'G-Suite']","['dbanie o jakość danych, które zbieramy, wytwarzamy i dostarczamy naszym Klientom,', 'realizowanie założonych poziomów SLA,', 'tworzenie i aktualizacja konfiguracji crawlerów do rozmaitych stron internetowych,', 'tworzenie i utrzymywanie kont naszych Klientów', 'implementowanie kodu w języku Python,', 'odpytywanie, analiza i przekształcanie danych zawartych w bazach danych SQL,', 'używanie i samodzielne rozwijanie rozbudowanego panelu wewnętrznego do obsługi systemu.', 'Nie będziesz mieć kontaktu z klientem, podczas wykonywania swoich obowiązków będziesz współpracować z działami Developerów, Customer Success oraz SALES.']","['Jeśli jesteś osobą komunikatywną, dokładną, zaangażowaną, potrafiącą zarządzać swoją pracą i szukasz miejsca gdzie zdobędziesz swoje pierwsze doświadczenie w programowaniu, to szukamy właśnie Ciebie!', 'Warunkiem koniecznym jest dla nas podstawowa znajomość języka Python i praktyczna znajomości podstaw SQL', 'Jeśli jesteś gotowy/a na pracę wymagającą proaktywnego szukania rozwiązań, otwartości na naukę i ukierunkowaną na dążenie do wspólnego zespołowego celu, to prześlij nam swoją aplikację!', 'wykształcenie wyższe w dziedzinie technicznej,', 'doświadczenie w programowaniu i inne umiejętności informatyczne,', 'znajomość specyfiki protokołu HTTP(S) oraz przebiegu informacji od serwera do okna przeglądarki internetowej.']"
Intern in Account Payable Team (VBA),OERLIKON BUSINESS SERVICES EUROPE SPÓŁKA Z OGRANICZONĄ ODPOWIEDZIALNOŚCIĄ,Warszawa,['contract of employment'],['junior specialist (Junior)'],"['home office work', 'hybrid work']",['remote recruitment'],,,"['Assist in the day-to-day operations of Accounts Payable team through preparation of analyses & reports', 'implementation and supervision of macros within Accounts Payable process', 'Develop model validations', 'Identify improvements in controlling tools, standardization and automation', 'Work in environments such as Excel and VBA or Python(?)', 'Study, implement and prepare presentations about financial models and concepts']","['Student in Finance, Mathematics, Statistics, IT or related area', 'Good knowledge of VBA and MS Office (Excel required)', 'An interest in quantitative analytics and financial modelling', 'Good written and verbal communication skills in English', 'A logical and innovative mind-set', 'Good written and verbal communication skills in English', 'Experience in Finance and/or Accounting will be an advantage', 'Availability of not less than 24 hours per week (limited to a maximum of 40 hours per week)']"
Junior BI Developer in Risk,Citi Poland,Warszawa,['contract of employment'],['junior specialist (Junior)'],['hybrid work'],,,,"['Programming in Python and VBA.', 'Programming in HTML, JavaScript, CSS.', 'Building interactive Dashboards in Tableau.', 'Preparation of standard reports.', 'Designing IT solutions.', 'Creating documentation.']","['General Python and/or VBA knowledge.', 'Basic knowledge of HTML, JavaScript, CSS is a plus.', 'Good interpersonal skills.', 'Good English.']"
Młodszy Operator ds. Monitoringu Infrastruktury ,Aplitt Sp. z o.o.,Gdynia,"['umowa o pracę', 'umowa zlecenie']",['młodszy specjalista (Junior)'],['praca hybrydowa'],,,"['C', 'Python', 'Bash', 'PHP']","['Będziesz monitorować infrastrukturę IT', 'Realizować zgłoszenia od naszych Klientów i innych pracowników organizacji', 'Podejmować i koordynować akcje naprawcze na podstawie bazy incydentów i problemów', 'Badać dostępność i wydajność systemów, usług i aplikacji', 'Pisać skrypty monitorujące infrastrukturę lub generujące raporty', 'Pracować nad wdrażaniem monitoringu nowych technologii']","['Jesteś gotowy podjąć współpracę w formie umowy zlecenia lub umowy o pracę', 'Odpowiada Ci praca w zmianach 12-godzinnych w systemie 24h/7d', 'Jesteś studentem kierunków technicznych (informatyka, elektronika, telekomunikacja, automatyka, elektrotechnika)', 'NIE JESTEŚ studentem, ale uważasz że Twoja wiedza jest spora', 'Pasjonuje Cię administrowanie systemami operacyjnymi, znasz się na rzeczy i chcesz dalej rozwijać się w tym kierunku', 'Potrafisz czytać ze zrozumieniem dokumentację w języku polskim i angielskim', 'Potrafisz samodzielnie podejmować trafne i szybkie decyzje', 'Cechuje Cię zaangażowanie, komunikatywność, umiejętność pracy zespołowej, dokładność w wykonywanych obowiązkach', 'Znajomość Bash/PHP/Python/C oraz orientowanie się w obecnych trendach IT']"
Junior Embedded Tester ,AIUT Sp. z o.o.,Gliwice,"['umowa o pracę', 'kontrakt B2B']","['specjalista (Mid / Regular)', 'młodszy specjalista (Junior)']","['praca stacjonarna', 'praca hybrydowa']",,"['IoT', 'Jira', 'Confluence', 'Xray', 'C', 'C++', 'C#', 'Python', 'SQL', 'GSM', 'ISM']",,"['weryfikacja sprzętu i oprogramowania urządzeń IoT', 'analiza wymagań, przygotowywanie scenariuszy i przypadków testowych', 'praca z narzędziami wspomagającymi proces testowy (Jira, Confluence, Xray)', 'testowanie oprogramowania współpracującego z urządzeniami', 'przygotowanie prototypów i środowiska testowego']","['wykształcenie wyższe na kierunku informatyka, automatyka, elektronika lub pokrewnym', 'praktyczna znajomość podstaw elektroniki', 'znajomość podstaw programowania w jednym z wybranych języków (C, C++, C#, Python)', 'znajomość języka angielskiego umożliwiająca czytanie dokumentacji technicznej i swobodną komunikację', 'komunikatywność i umiejętność pracy w zespole', 'zdolność szybkiego uczenia się i chęć podnoszenia własnych umiejętności i kompetencji', 'znajomość języków skryptowych i SQL', 'znajomość GSM (2G/3G/4G/5G) i tematyki komunikacji radiowej w pasmach ISM']"
Technical Account Manager New Products (APAC) ,RTB House,Warszawa,"['contract of mandate', 'B2B contract']","['specialist (Mid / Regular)', 'junior specialist (Junior)']","['home office work', 'hybrid work']",['remote recruitment'],"['HTML', 'JavaScript', 'Python']","['Google Analytics', 'Google Tag Manager', 'MS Excel', 'HTTP protocol', 'Google Chrome’s debugging console']","['Ensuring technical issues/tickets are responded to within the agreed SLA (Service Level Agreement);', 'Leading the integration between RTB House’ tags and client’s websites/mobile apps to ensure proper tags installation (Google Tag Manager, Appsflyer);', 'Optimizing daily campaigns to meet various client marketing goals;', 'Working closely with Sales & Account Managers to deliver client success and satisfaction, meeting goals, and instantly responding to technical issues;', 'Communicating with Business & Technical Teams (through tickets, emails, and calls).']","['Basic knowledge of HTML, JavaScript or Python;', 'Familiarity with the HTTP protocol;', 'Understanding of Excel (Lookup/Pivot table, standard formulas);', 'Experience in e-commerce or digital advertising (e.g., programmatic, AdTech, AdOps), Google Analytics, Google Tag Manager, Google Chrome’s debugging console, Appsflyer / Branch is a big plus.']"
Model Developer - Interest Rates & Balance Sheet Młodszy Specjalista,ING Tech Poland,Warszawa,['umowa o pracę'],['młodszy specjalista (Junior)'],['praca hybrydowa'],['rekrutacja zdalna'],"['Python', 'R']",['Git'],"['Ulepszanie metodologii rozwoju modelu', 'Opracowywanie, ulepszanie, analizowanie i dokumentowanie modeli ALM', 'Doradztwo w zakresie modelowania', 'Monitorowanie modeli, analiza historyczna i testy porównawcze']","['Masz ukończone studia z zakresu ekonometrii, metodach ilościowych, statystyce, matematyce, fizyce lub podobnym obszarze,', 'Znasz miary ryzyka stopy procentowej,', 'Masz dobrą znajomość modelowania statystycznego i metod ekonometrycznych,', 'Posiadasz doświadczenie w programowaniu statystycznym (np. Python, R),', 'Posiadasz umiejętność identyfikowania problemów, analizowania kluczowych informacji i wskazywania połączeń między nimi w celu znalezienia odpowiednich rozwiązań,', 'Wykazujesz chęć rozwoju i ciągłej nauki (np. zainteresowanie szkoleniami z zakresu ryzyka, certyfikatami FRM, PRM),', 'Masz umiejętność jasnego i zwięzłego wyrażania pomysłów, faktów i opinii i potrafisz je płynnie wyrazić także w języku angielskim,', 'Potrafisz wykonywać zadania i osiągać wyniki w sposób wydajny, terminowy i wysokiej jakości, z naciskiem na realizację i dostarczanie celów i wskaźników KPI.', 'Znajomość produktów bankowych i rynków finansowych, np. opcje,', 'Znajomość zaawansowanych technik statystycznych, takich jak Monte Carlo, statystyka Bayesowska, metody numeryczne, optymalizacja itp. lub stochastycznych modeli stopy procentowej,', 'Umiejętność obsługi Git,', 'Znajomość stochastycznych modeli stóp procentowych (Vasicek, CIR, Hull-White, LMM).']"
Model Developer - Trading Risk Młodszy Specjalista,ING Tech Poland,Warszawa,['umowa o pracę'],['młodszy specjalista (Junior)'],['praca hybrydowa'],['rekrutacja zdalna'],"['Python', 'C++']",,"['Rozwój i dokumentacja modeli ryzyka rynkowego (trading book) oraz korekt wyceny', 'Przygotowanie analiz ilościowych i raportów technicznych', 'Rozwój i utrzymanie prototypów modeli oraz bibliotek numerycznych', 'Standaryzacja metodyk']","['Posiadasz wykształcenie wyższe (MSc, PhD) w dyscyplinie ilościowej (matematyka finansowa, ekonometria, fizyka),', 'Posiadasz wiedzę nt. modeli ryzyka finansowego (Value at Risk, Risks not in Model itp.),', 'Znane Ci są najistotniejsze zmiany w/z funkcjonowania rynku oraz wymogi regulacyjne (np. CRR, FRTB, wycena ostrożnościowa, reforma IBOR),', 'Masz doświadczenie w programowaniu w językach C++ lub Python,', 'Masz konstruktywną i proaktywną postawę i dobrze funkcjonujesz w pracy zespołowej,', 'Masz umiejętność jasnego i zwięzłego wyrażania pomysłów, faktów i opinii i potrafisz je płynnie wyrazić, także w języku angielskim (min.B2),', 'Potrafisz wykonywać zadania i osiągać wyniki w sposób wydajny, terminowy i wysokiej jakości, z naciskiem na realizację i dostarczanie celów i wskaźników KPI,', 'Posiadasz umiejętność identyfikowania problemów, analizowania kluczowych informacji i wskazywania połączeń między nimi w celu znalezienia odpowiednich rozwiązań.', 'Znajomość systemów wyceny np. Murex, Sophis, Summit,', 'Certyfikat CQF / FRM,', 'Doświadczenie w podobnej roli i znajomość wyceny instrumentów pochodnych,', 'Znajomość metod numerycznych i rachunku stochastycznego,', 'CV w języku angielskim,', 'Rachunek Ito,', 'Znajomość stochastycznych równań różniczkowych,', 'Zamiany miary,', 'Metody numeryczne.']"
Python Developer,MTU Aero Engines Polska Sp. z o.o.,Rzeszów,['contract of employment'],"['specialist (Mid / Regular)', 'junior specialist (Junior)']",['hybrid work'],['remote recruitment'],,,"['Being a member of a team involved in international projects related to the aviation industry', 'Design, development and testing of software products', 'Providing new implementations and maintaining existing ones', 'Collaborating with other developers to drive definition of development strategy, standards, guidelines and best practices', 'Optional:', 'Extending your skills in different programming technologies (Python, C# - desktop and Web applications)']","['2+ years of experience', 'PyQt GUI development (under Windows and Linux)', 'Numeric computing libraries: NumPy, Pandas;', 'Visualization libraries: Matplotlib. Bokeh/Panel, Pyqtgraph', 'Knowledge of project management tools (Jira, Confluence) & version control (Git, SVN) \uf0e0 Knowledge of project management tools (e.g. Jira, Confluence) & version control (Git, SVN) is an advantage', 'Knowledge about Machine learning and Image processing is an advantage', 'Good communication skills in English', 'Good communication skills in German']"
Junior DevOps Engineer,Fujitsu Technology Solutions Sp. z o.o.,Łódź,['contract of employment'],"['specialist (Mid / Regular)', 'junior specialist (Junior)']",['home office work'],['remote recruitment'],"['Jenkins', 'Git']",,"['Support and development of infrastructure in R&D area', 'Development and implementation of new tools', 'Creating documentation', 'Solving problems in existing solutions']","['Jenkins', 'Python or Groovy', 'LINUX (CLI)', 'Windows Server', 'Git', 'Virtualization (VMware/Hyper-V)', 'Basic HW knowledge', 'Jira', 'Networking', 'LDAP']"
Python Developer,PLAY (P4 Sp. z o.o.),Warszawa,['umowa o pracę'],"['specjalista (Mid / Regular)', 'młodszy specjalista (Junior)']",['praca hybrydowa'],['rekrutacja zdalna'],"['Python', 'Linux', 'GitLab']",['Java'],"['Projektowanie i tworzenie narzędzi automatyzujących oraz przyspieszających pracę działu', 'Bieżące wsparcie działu utrzymania sieci za pomocą analizy potrzeb i dostosowania do nich tworzonych narzędzi', 'Tworzenie prostych interfejsów webowych', 'Wsparcie członków zespołu w zadaniach programistycznych']","['Posiadasz minimum 2 letnie doświadczenie w programowaniu.', 'Masz zaawansowaną wiedzę z zakresu języka Python', 'Umiesz korzystać ze środowiska Linux', 'Umiesz korzystać z Gitlab', 'Jesteś gotowy do nauki nowych rzeczy z zakresu telekomunikacji', 'Umiesz współpracować w zespole (także w środowisku międzynarodowym), a jednocześnie samodzielnie w realizować zadania']"
Junior DevOps Engineer ,Oktawave,Warszawa,"['umowa o pracę', 'kontrakt B2B']",['młodszy specjalista (Junior)'],"['praca zdalna', 'praca hybrydowa']",['rekrutacja zdalna'],,"['AWS', 'Microsoft Azure', 'Google Cloud Platform']","['Projektowanie oraz wdrażanie procesu CI/CD u naszych klientów.', 'Uruchamianie środowisk chmurowych w GCP/Azure/AWS z naciskiem na wykorzystanie usług', 'kontenerowych.', 'Rozwój Managed Kubernetes Service uruchamianych dla naszych klientów.', 'Monitoring i systemy agregacji logów w poszczególnych środowiskach.']","['Masz doświadczenie poparte udziałem w projektach o różnej skali.', 'Nie są Ci obce narzędzia do automatyzacji i CICD.', 'Znasz narzędzia do zarządzania konfiguracją (Ansible/Terraform).', 'Rozumiesz zasady działania konteneryzacji i framework’ów tj. Docker, Kubernetes.', 'Posługujesz się językiem: Bash i/lub Python i/lub Go na poziomie podstawowym', 'Znasz powszechnie dostępne platformy i narzędzia DevOps.', 'Posiadasz certyfikaty na poziomie Associate/Professional dotyczące chmur Microsoft, Google, Amazon.', 'Masz praktyczne doświadczenia z projektów wykorzystujących usługi PaaS największych dostawców cloudowych.', 'Nie są Ci obce zasady budowy rozwiązań wysokiej dostępności.', 'Potrafisz wspierać proces sprzedaży poprzez tworzenie wkładu technicznego do ofert.', 'Znasz język angielski w stopniu pozwalającym na udział w projektach międzynarodowych.']"
Inżynier Big Data,Bank Pekao,Warszawa,['umowa o pracę'],"['specjalista (Mid / Regular)', 'młodszy specjalista (Junior)']","['praca zdalna', 'praca hybrydowa']",['rekrutacja zdalna'],"['Hadoop', 'Python', 'Scala', 'Kafka']",,"['Integracja technologii Hadoop (CDP - Cloudera Data Platform) z systemami Banku (on-premise i Cloud).', 'Migracja systemu z technologii HDP do CDP - kooperacja z innymi osobami w Zespole.', 'Projektowanie i implementacja aplikacji strumieniowych w czasie rzeczywistym (Python lub Scala, HBase, Kafka).', 'Aktywne dzielenie się wiedzą i doświadczeniem ze współpracownikami.', 'Podejmowanie działań usprawniających pracę własną i innych.']","['Masz wykształcenie wyższe informatyczne lub pokrewne.', 'Posiadasz doświadczenie w pracy z technologią Hadoop, w tym HDFS, Spark i Hive, mile widziany HBase, Livy i/lub Airflow.', 'Posiadasz umiejętność programowania w Python lub Scala (mile widziana).', 'Posiadasz doświadczenie w pracy z formatami danych: ORC, Avro lub Parquet.', 'Posiadasz doświadczenie w integracji z technologią Kafka.', 'Posiadasz motywację do rozwoju zawodowego i ciągłego poszerzania wiedzy.', 'Jesteś osobą odpowiedzialną, samodzielną i konsekwentną w działaniu.', 'Swobodnie posługujesz się aplikacjami pakietu MS Office.', 'Jesteś osobą kreatywną i poszukujesz nowych rozwiązań.', 'Posiadasz umiejętność pracy w grupie.', 'Lubisz pracować w dynamicznym środowisku pracy.']"
Młodszy Inżynier Testowania Oprogramowania - Safety Electronics,ZF Group,Częstochowa,['umowa o pracę'],['młodszy specjalista (Junior)'],['praca hybrydowa'],['rekrutacja zdalna'],"['C', 'Python']",,"['Analiza dokumentacji projektowej (wymagania, software design, software architecture);', 'Projektowanie i implementacja przypadków testowych;', 'Automatyzacja testów i raportowanie wyników;', 'Wsparcie w usprawnianiu procesu testowania;', 'Komunikacja z globalnymi zespołami (np. Niemcy, USA).']","['Wykształcenie wyższe w tym studenci ostatnich lat (preferowane kierunki studiów: elektronika, automatyka, informatyka, matematyka lub pokrewne);', 'Podstawowa wiedza z zakresu testowania oprogramowania;', 'Znajomość języków programowania – C/C++;', 'Mile widziana umiejętność programowania w języku Python;', 'Umiejętność analitycznego myślenia i inicjatywa;', 'Dobra znajomość języka angielskiego.']"
Junior Data Science Analyst,Citi Poland,Warszawa,['contract of employment'],['junior specialist (Junior)'],['hybrid work'],,,,"['Apply rigorous analytical methods to organize, analyze, interpret data and reports; ensure appropriate methodology is selected to draw conclusions and make recommendations answering specific business needs', 'Provide written explanations of approach and analysis in clear language that supports the conclusions and observations', 'Validate data, identify data quality issues (if any) and address them, identify problematic areas and conduct research to determine the best course of action to correct the data', 'Drive quality, reliability and usability of all work products, evaluate and refine the analytical methods and procedures used to obtain and analyze data in order to ensure validity, applicability, efficiency and accuracy', 'Document solutions and present results in a clear straightforward comprehensive way to non-technical audience, as well as write more formal documentation using statistical vocabulary', 'Think outside the box and look for new methods to constantly improve the effectiveness and efficiency of the Detection, Monitoring and Operations systems and processes used in Citi']","['Minimum of 2 years of experience as data analyst (or data scientist) is required', 'Experience with relational databases such as Oracle, SQL Server or similar DWH is required', 'Proficiency with SQL and Microsoft Suite is a must', 'Experience using on advanced level one of Python, SAS or R is a must', 'Experience in data mining tools and basic statistics knowledge is required', 'Ability to present complex information in an understandable and compelling manner is required', 'Previous experience with financial services companies would be an advantage (retail banking, small business banking, commercial, institutional, private banking)', 'Master’s/Bachelor’s degree or equivalent in computer/technical or science-related areas is required', 'Fluent English']"
Data Engineer,Polskie Linie Lotnicze LOT,Warszawa,['kontrakt B2B'],"['specjalista (Mid / Regular)', 'młodszy specjalista (Junior)']",['praca hybrydowa'],['rekrutacja zdalna'],,,"['Poszukujemy osoby do działu analiz, która będzie współodpowiedzialna za rozwój systemów analitycznych na styku obszarów Digital / CRM / BI.', 'Współprojektowanie i współtworzenie modelu danych do raportowania w Azure Cloud', 'Budowa aplikacji biznesowych wspierających procesy zbierania danych i zarządzania nimi, np. aplikacja słownikowa', 'Przetwarzanie eventów real-time do budowy triggerów dla kampanii zdarzeniowych', 'Utrzymanie i rozwój bazy danych dla systemu marketing automation (QA, ETL)', 'Identyfikacja źródeł danych, definiowanie wymagań i współpraca z IT w zakresie rozwoju DWH, testy i kontrola jakości danych', 'Udział w projektach z obszaru customer data management', 'Wsparcie ad-hoc w zakresie przetwarzania danych i raportowania', 'Odpowiedzialność za dokumentację techniczną utrzymywanych, rozwijanych i tworzonych narzędzi']","['Wykształcenie wyższe lub ostatnie lata studiów na kierunkach ścisłych takich jak informatyka, big data, bazy danych', 'Praktyczna znajomość języka Python (dobra znojomość pakietów: Pandas, Pyspark, Numpy)', 'Praktyczna znajomość języka SQL, w tym tworzenie procesów ETL', 'Doświadczenie w pracy na rozwiązaniach chmurowych', 'Doświadczenie w pracy z systemem kontroli wersji GIT', 'Znajomość narzędzi raportowania, np. PowerBI, Tableu', 'Doświadczenie w pracy z nieustrukturyzowanymi strukturami danych - parquet, json, csv', 'Język angielski na poziomie B2', 'Doświadczenie w pracy z nierelacyjnymi bazami danych', 'Znajomość chmury Azure (Data Factory, Data Lake, Azure Funkctions, Databricks)', 'Znajomość technologii: Docker, SSIS, CosmoDB', 'Doświadczenie w budowie przepływów danych w oparciu o systemy kolejkowe']"
Data Analyst,UPM Kymmene Sp. z o.o.,Wrocław,['contract of employment'],"['specialist (Mid / Regular)', 'junior specialist (Junior)']",['hybrid work'],['remote recruitment'],"['PowerBI', 'Tableau', 'SQL', 'Python', 'DAX']",,"['Develop and maintain automated dashboards, metric reports and data visualizations', 'Maintain and re-engineer existing ETLs to increase accuracy, stability and efficiency', 'Automate processes with Power Platform - Power Apps and Power Automate', 'Support management team with in-depth analytics and insights', 'Locate and define new process improvement opportunities', 'Work closely with our IT department to design and maintain data analytics architecture']","['You have good understanding of business and data architecture', 'You have a positive and proactive attitude towards changing environment', 'You are fluent in English and have experience from multi-national and diverse business environment', 'You have strong numerical skills and attention to detail', 'You are expert in PowerBI or Tableau and storytelling through data visualizations', 'You have experience in working with ETL tools – Lavastorm, Data360 Analyze, Azure Data Factory', 'You are interested in data science and want to develop in this area', 'You have hands on experience with python, SQL and DAX', 'You have basic understanding of PowerApps formulas and development methods to develop canvas and model driven apps']"
Developer Python ,IDEA commerce S.A. ,Bydgoszcz,"['umowa o pracę', 'kontrakt B2B']","['specjalista (Mid / Regular)', 'młodszy specjalista (Junior)']","['praca stacjonarna', 'praca zdalna', 'praca hybrydowa']",['rekrutacja zdalna'],['Python'],"['HTML', 'CSS', 'JavaScript']","['rozwijanie istniejących systemów e-commerce', 'analityka, projektowanie i implementacja systemów informatycznych', 'dokumentowanie kodu', 'dbanie o wysoką jakość tworzonych rozwiązań']","['znajomość języka Python', 'umiejętność pisania czytelnego kodu', 'znajomość systemu kontroli wersji', 'duża samodyscyplina i odpowiedzialność', 'umiejętność pracy w zespole', 'pozytywne nastawienie', 'znajomość HTML/CSS/JS', 'znajomość wzorców projektowych', 'znajomość procesów biznesowych', 'znajomość systemów crm/erp (w tym odoo)']"
Młodszy Konsultant SAP ds. Integracji - Płatny Staż,SYGEON sp. z o.o.,Poznań,"['umowa o pracę', 'umowa zlecenie', 'kontrakt B2B', 'umowa o staż / praktyki']",['młodszy specjalista (Junior)'],"['praca stacjonarna', 'praca hybrydowa']",,['SAP'],"['SQL', 'Java', 'JavaScript', 'C#', 'C++', 'Python']","['Ciągła nauka ze wszystkich dostępnych źródeł;', 'Realizacja zaprojektowanych rozwiązań integracyjnych dla systemów SAP;', 'Aktywne uczestnictwo w autorskich szkoleniach: (Programowanie w języku ABAP; Rozwój i obsługa systemu SAP PI/PO; Programowanie w języku Python; Certyfikowane szkolenie Mulesoft)', 'Analiza wymagań biznesowych i projektowanie koncepcji modelu rozwiązania we współpracy z zespołem projektowym;', 'Nauka konfiguracji systemu zgodnie z ustalonymi założeniami;', 'Wsparcie zespołu w realizacji codziennych zadań związanych z analizą, budową i testowaniem aplikacji;', 'Systematyzacja zdobywanej wiedzy.']","['Znajomość języka angielskiego (B1/B2);', 'Umiejętność programowania, minimum w jednym z wymienionych języków programowania (ABAP, Java, C#, C++,Python, JavaScript, Visual Basic – VBS/VB.NET);', 'Zaangażowanie i chęć nauki;', 'Zdolność do szybkiego przyswajania wiedzy;', 'Samodzielność i umiejętność analitycznego myślenia.', 'Preferowane wyższe wykształcenie;', 'Znajomość i rozumienie procesów biznesowych.', 'Znajomość baz danych oraz języka SQL;', 'Doświadczenie przy pracy z systemami ERP (SAP, Microsoft, Oracle);', 'Znajomość innych języków obcych;', 'Doświadczenie w pracy w innej organizacji;']"
Tester oprogramowania ,Currenda Sp. z o. o.,Sopot,"['umowa o pracę', 'kontrakt B2B']",['młodszy specjalista (Junior)'],"['praca zdalna', 'praca hybrydowa']",['rekrutacja zdalna'],['MS SQL'],"['Jira', 'Python', 'TestComplete']","['Analiza wymagań oraz tworzenie scenariuszy testowych;', 'Przygotowywanie danych testowych;', 'Wykonywanie testów zgodnie z przygotowanymi scenariuszami testowymi;', 'Raportowanie wyników testów;', 'Opracowywanie dokumentacji technicznej oraz instrukcji użytkownika;', 'Automatyzacja procesu testowego z wykorzystaniem języka Python i narzędzia TestComplete.']","['Praktyczna znajomość relacyjnych baz danych (MSSQL);', 'Wiedza z zakresu metodyki testowania oprogramowania;', 'Komunikatywność;', 'Skrupulatność;', 'Zdolność analitycznego myślenia.', 'Roczne doświadczenie zawodowe w obszarze testowania aplikacji desktopowych;', 'Chęć rozwoju w kierunku automatyzacji testów;', 'Znajomość w stopniu podstawowym narzędzia TestComplete oraz Python;', 'Certyfikat ISTQB;', 'Doświadczenie w pracy w zespole w zespole Scrum’owym;', 'Znajomość aplikacji do zarządzania projektami JIRA.']"
Tester oprogramowania ,Currenda Sp. z o. o.,Sopot,"['umowa o pracę', 'kontrakt B2B']",['młodszy specjalista (Junior)'],"['praca zdalna', 'praca hybrydowa']",['rekrutacja zdalna'],"['MS SQL', 'PostgreSQL']","['TestComplete', 'Git', 'Python', 'Rest Assured']","['Analiza wymagań i tworzenie przypadków testowych', 'Analiza i raportowanie błędów;', 'Tworzenie dokumentacji technicznej oraz instrukcji dla użytkowników;', 'Tworzenie i wykonywanie scenariuszy do testów regresji;', 'Ścisła współpraca z developerami i biznesem w ramach zespołu oraz organizacji;', 'Współpraca z działem Helpdesk;', 'Współudział w tworzeniu testów automatycznych w narzędziu TestComplete.']","['Min. rok doświadczenia komercyjnego na podobnym stanowisku;', 'Praktyczna znajomość MS SQL i PostgreSQL;', 'Doświadczenie w testowaniu aplikacji desktopowych i webowych;', 'Umiejętność pracy w zespole;', 'Komunikatywność;', 'Skrupulatność oraz zaangażowanie.', 'Certyfikat ISTQB;', 'Znajomość narzędzia TestComplete;', 'Znajomość w stopniu podstawowym: GIT, Python, Rest Assured.']"
Data Scientist,PROVIDENT Polska,Warszawa,['contract of employment'],"['specialist (Mid / Regular)', 'junior specialist (Junior)']",['hybrid work'],['remote recruitment'],"['R', 'Python', 'SQL']",,"['Discover relationships between data and various aspects of performance', 'Work with the International Personal Finance Group to create a broader group strategy and approach towards the application and use of ‘Big Data’, machine learning and other forms of artificial intelligence', 'Proactively develop and maintain relationships with key internal and external stakeholders', 'Set up the appropriate systems, mechanisms and processes for testing data sets and for gaining actionable analytical insights.']","['MSc degree in the field of Computer Science, Applied Statistics, Mathematics, Operations Research, or another quantitative discipline', 'Significant experience in working with large and varied data sets obtained from multiple sources (including new digital sources)', 'Experience in statistical modelling and/or machine learning', 'Experience in applying data science methods to business problems and curiosity to understand what data can tell', 'Programming experience in R or Python (Essential)', 'Knowledge of database architecture (SQL)', 'Presentation and communication skills, with a knack for explaining complex analytical concepts to people from other fields', 'Fluency in verbal and written business English', 'Ability to travel internationally']"
OSD Linux Developer for Bosch,BSH SPRZĘT GOSPODARSTWA DOMOWEGO sp. z o.o.,Łódź,['contract of employment'],"['specialist (Mid / Regular)', 'junior specialist (Junior)']",['hybrid work'],['remote recruitment'],,,"['Technical development of Ubuntu-based Desktop OS distribution for Bosch associates, state-of-the-art Linux development', 'Developing compliance, security and enterprise-related functionalities (e.g. integration into Active Directory or infrastructure)', 'Pre-installing & pre-configuring developer environments and configuration management via Ansible', 'Envisioning of the technical roadmap, developing & leading solutions in cooperation with the global team']","['Strong proficiency in high level scripting language: Python and Bash', 'Deep Linux OS (Ubuntu) knowledge (Kernel, File systems, Device drivers, Networking, Security, User interface, Daemons, cron-jobs, etc.)', 'Good knowledge with: Docker, Virtualization tools, Jenkins and CI/CD concepts.', 'Knowledge on Debian packaging, Git, SSH, DNS, Proxy, TCP/IP, DMZ, Enterprise Networking', 'Good proficiency and experience working with Ansible', 'DevOps experience and familiar with Agile methodologies']"
System Engineer,AVSystem,Kraków,['B2B contract'],"['specialist (Mid / Regular)', 'junior specialist (Junior)']",['hybrid work'],['remote recruitment'],,,"['Cooperation with the client to configure system and test devices.', 'Gathering customer requirements and feedback', 'Implementation of customer requirements through system configuration.', 'Solution presentation to prospective customers (remote or physical meeting)', 'Technically support the sales process up to the point where the contract is signed.', 'Technical Proof of Concept setup and coordination', 'Helping customers to facilitate their smooth onboarding with our system', 'Conducting training and providing answers in regards to the IoT protocol and solutions', 'Updating the configuration in the repository.', 'Scripting and automating administrative tasks.', 'Testing and integration of new IoT devices.']","['Knowledge of computer networks and tools (wireshark, tcpdump)', 'Being able to use a Linux-based system (e.g. Ubuntu, Debian)', 'A minimum of one year of work experience in IT industry', 'Fluent communication skills in Polish and English (both written and spoken)', 'At least one scripting language (basic Bash or Python)', 'Version control system (e.g. Git)', 'Cisco CCNA, CCNP courses', 'Experience in working with a foreign client', 'Knowledge of IoT protocols', 'Familiarity with Kubernetes or Docker']"
Junior Data Scientist (Pion Operacji),ING Bank Śląski S.A.,Katowice,['umowa o pracę'],['młodszy specjalista (Junior)'],['praca hybrydowa'],['rekrutacja zdalna'],,,"['Tworzenie i wdrażanie modeli uczenia maszynowego (predykcyjnych, segmentacyjnych, klasyfikacyjnych itp.)', 'Gromadzenie danych z różnych źródeł i przetwarzanie ich na potrzeby budowy rozwiązań ML', 'Rekomendacja najlepszych algorytmów w oparciu o analizę badanego zadania/zjawiska', 'Wykorzystywanie technik analitycznych i statystycznych w celu optymalizacji procesów operacyjnych', 'Uczestnictwo w projektach wdrażających nowe narzędzia raportowe i analityczne']","['Wykształcenie wyższe, preferowane kierunki: statystyka, metody ilościowe, matematyka, ekonometria, informatyka', 'Znajomość zagadnień z zakresu statystyki, machine learning, Data Science', 'Dobra znajomość języka programowania Python', 'Znajomość środowiska GIT', 'Praktyczna znajomość algorytmów uczenia maszynowego', 'Umiejętność pracy z dużymi zbiorami danych', 'Umiejętność pracy w zespole', 'Kreatywność', 'Komunikatywność', 'Znajomość języka angielskiego (min. B1)', 'Znajomość tematyki BigData: Spark/Hive/Hadoop', 'Znajomość narzędzia SAS']"
Inżynier Elektronik Aplikacji - Tester Oprogramowania,Aldec-ADT Sp. z o.o.,Katowice,['umowa o pracę'],"['specjalista (Mid / Regular)', 'młodszy specjalista (Junior)']","['praca stacjonarna', 'praca zdalna', 'praca hybrydowa']",,,,"['Do zadań stawianych przed inżynierami elektronikami pracującymi w naszej firmie należy ewaluacja nowych technologii projektowania scalonych układów cyfrowych, opracowanie specyfikacji dla nowych elementów funkcjonalnych oprogramowania oraz kontrola i weryfikacja poprawności ich realizacji.', '', 'Istotnym elementem pracy jest analiza i tworzenie nowych projektów testowych oraz metod automatyzacji kontroli jakości.']","['znajomość języków opisu sprzętu: VHDL lub Verilog® HDL lub SystemVerilog®', 'znajomość technologii cyfrowych układów logicznych', 'znajomość C/C++ oraz bibliotek SystemC, SCV i TLM będzie plusem', 'wykształcenie wyższe, lub w trakcie studiów', 'mile widziana znajomość produktów firmy Aldec', 'umiejętność posługiwania się językami Perl, Python lub Tcl/Tk jest dodatkowym atutem']"
Analityczka/Analityk w dziale Ekspansji,Żabka Polska,Poznań,['umowa o pracę'],"['specjalista (Mid / Regular)', 'młodszy specjalista (Junior)']",['praca hybrydowa'],,,,"['współudział w projektowaniu systemów analitycznych wspierających działania Departamentu Ekspansji,', 'odpowiedzialność za automatyzację procesów biznesowych', 'generowanie i przetwarzanie baz danych, a także opracowywanie raportów wspierających decyzje w obszarze ekspansji,', 'kontrola procesów ekspansji, nadzór nad prawidłowością działania systemów procesowych,', 'wykonywanie analiz statystycznych i przestrzennych i wizualizacja wyników m.in. na platformie Power BI.\u200b']","['doświadczenie w tworzeniu raportów, prezentacji oraz interpretacji wyników,', 'wykształcenie wyższe (kierunki: ekonomiczne, informatyczne, matematyczne, geograficzne),', 'minimum roczne doświadczenie na podobnym stanowisku,', 'znajomości zagadnień bazodanowych (znajomości języka SQL - poziom podstawowy)', 'podstawowa znajomość platformy Power BI mile widziane', 'znajomość podstaw programowania będzie dodatkowym atutem (Python, R)', 'znajomość zagadnień/systemów GIS będzie dodatkowym atutem (QGIS, ArcGIS)', 'praktyczna umiejętności wykorzystania Excela jako narzędzia w codziennej pracy,', 'świetna organizacja czasu pracy, orientacja na cele i wyniki,', 'zdolności interpersonalne i asertywność.']"
Młodszy Projektant rozwiązań RPA (Robotic Process Automation),Morele.net Sp. z o.o.,Kraków,['umowa zlecenie'],['młodszy specjalista (Junior)'],"['praca zdalna', 'praca hybrydowa']",['rekrutacja zdalna'],['Python'],,"['programowanie robotów z wykorzystaniem języka Python (selenium, PyAutoGUI)', 'tworzenie rozwiązań Excel, VBA', 'proponowanie rozwiązań, analiza oraz projektowanie robotów']","['posiadasz umiejętność programowania w dowolnym języku', 'masz min. 1 rok doświadczenia na podobnym stanowisku lub jesteś studentem informatyki/matematyki/fizyki i pokrewnych i dopiero chcesz je zdobyć', 'komunikatywność to Twoja mocna strona – świetnie czujesz się w zadaniach wymagających współpracy z innymi działami', 'jesteś nastawiony na dalszy rozwój i otwarty/a na nowe wyzwania – cechuje Cię ciekawość procesów i zagadnień związanych z automatyzacją w różnych obszarach: logistyka, księgowość, marketing, zakupy', 'odznaczasz się umiejętnością szybkiego uczenia się, dokładnością oraz samodzielnością']"
Administrator Systemów Linux,SWPS Uniwersytet Humanistycznospołeczny,Warszawa,"['umowa o pracę', 'kontrakt B2B']","['specjalista (Mid / Regular)', 'młodszy specjalista (Junior)']","['praca zdalna', 'praca hybrydowa']",['rekrutacja zdalna'],"['Linux', 'Debian', 'DNS', 'DHCP', 'TCP/IP', 'Docker', 'Kubernetes', 'OpenShift', 'CheckMK', 'Proxy', 'Tomcat', 'Websphere Application server', 'Bash', 'Python', 'Perl', 'HAProxy', 'Firewall', 'LAN', 'WLAN']","['Ansible', 'VMware', 'Hyper-V']","['Definiowanie architektury systemów, współpraca z architektami aplikacji w celu doboru optymalnej konfiguracji środowiska IT', 'Instalacja i konfiguracja nowych systemów (systemy operacyjne, middlewares, aplikacje), włącznie z utrzymaniem istniejących', 'Automatyzacja zadań, współpraca z zespołami developerów i testerów w celu implementacji i utrzymania procesów DevOps dla istniejących i nowo budowanych systemów', 'Monitorowanie zdarzeń/obciążenia systemów w celu wyeliminowania potencjalnych problemów oraz ciągłego usprawniania systemów', 'Rozwiązywanie problemów i zapewnienie spójności oraz stabilności systemów', 'Ścisła współpraca zarówno wewnątrz zespołu, jak i z zewnętrznymi grupami wspierającymi wspólne procesy biznesowe']","['Bardzo dobra znajomość systemów Linux (głównie Debian)', 'Znajomość protokołów i usług sieciowych (TCP/IP, DNS, DHCP)', 'Znajomość usług/serwisów w rodzaju http server, DNS, mail services, log, web proxy', 'Znajomość tematyki serwerów aplikacyjnych (Tomcat, Websphere Application server)', 'Znajomość technologii backupu systemów', 'Umiejętność administrowania sieciami LAN/WLAN (VLAN, Wi-Fi, Firewall)', 'Umiejętność automatyzacji zadań (ansible)', 'Znajomość środowisk monitorujących systemy IT', 'Znajomość tematyki hardeningu systemów', 'Znajomość języków skryptowych (np. Bash, Python, Perl)', 'Znajomość modelu usług w Cloud (IaaS,PaaS, SaaS)', 'Znajomość technologi wirtualizacji serwerów (głównie VMware,Hyper-V)', 'Znajomość technologi kontenerów (Docker, Kubernetes,Openshift)', 'Znajomość narzędzi do monitoringu (np. CheckMK, Zabbix, Grafana itp.)', 'Znajomość pojęcia wysokiej dostępności i load balancingu (HAProxy)', 'Dobra znajomość języka angielskiego']"
Data Scientist - Orange Graduate Program,Orange Polska,Warszawa,['contract of employment'],['junior specialist (Junior)'],['hybrid work'],['remote recruitment'],['Python'],,"['Design and implementation of artificial intelligence (AI) algorithms using the most appropriate machine learning (ML) techniques for telecommunications networks', 'Creating prototypes and industrial solutions for selected use cases', 'Evaluation of the efficiency of the proposed algorithms and solutions', 'Cooperation with data teams to build scalable data flows and deploy your models in production', ""Participation in 4-year International development programme within Orange Group starting from 1st October 2022, consecutively: 1-2 year employment in Orange Polska and afterwards 2-3-year work experience abroad within Orange Group's companies"", 'Involvement in international projects which have significant impact on business']","['Willingness to leave Poland for 2-3 years period (a year or two after joining the Programme)', ""Technical Universities graduates with master's degree diploma obtained in 2020, 2021, 2022 or Senior-Year students to obtain diploma by 30th September 2022"", 'Python 3.7+ programming with specialization in data processing', 'Medium level experience on data processing with the use of ML methods (including neural networks)', 'Basic/medium experience with virtualization technologies data analysis and data processing technologies (e.g. Spark, HDFS, Elastic Search, JupyterHub) and cloud solutions (e.g. Google cloud Platform, Amazon Web Services, Microsoft Azure)', 'English proficiency (B2/C1 level)', 'Knowledge of French will be an additional asset']"
Software Network Engineer - Orange Graduate Program,Orange Polska,Warszawa,['contract of employment'],['junior specialist (Junior)'],['hybrid work'],['remote recruitment'],"['Python', 'Go', 'Linux', 'Bash', 'Kubernetes', 'Docker', 'OpenStack']",,"['Creating prototypes of cloud-native infrastructure for 5G/6G', 'Development new features for Multi-Access Edge Computing (MEC), especially Edge Relocation Mechanisms', 'Development of open-source CNCF projects: Kubernetes, ONAP', ""Participation in 4-year International development programme within Orange Group starting from 1st October 2022, consecutively: 1-2 year employment in Orange Polska and afterwards 2-3-year work experience abroad within Orange Group's companies"", 'Involvement in international projects which have significant impact on business']","['Willingness to leave Poland for 2-3 years period (a year or two after joining the Programme)', ""Technical Universities graduates with master's degree diploma obtained in 2020, 2021, 2022, Senior-Year students to obtain diploma by 30th September 2022"", 'Deep knowledge of 5G Network and Network Function Virtualization (NFV)', 'Programming experience in Python or Go + DevOps skills (Linux, bash)', 'Experience with virtualization technologies: Kubernetes, Docker, OpenStack', 'English proficiency (B2/C1 level)', 'Knowledge of French will be an additional asset']"
Junior Analyst/Młodszy Analityk,Gibbs Hybrid (Poland) Sp. z o.o.,Wrocław,['contract of employment'],"['assistant', 'junior specialist (Junior)']","['home office work', 'hybrid work']",['remote recruitment'],['Python'],,"['Deciphers moderately complex exceptions, performing root-cause analysis; enters reconciliation data and ensures proper aging. Assists more junior level support staff in identifying more complex differences.', 'Communicates moderately complex break reports to either internal groups within the firm or correspondents outside the firm. Monitors resolution. Assists more junior teammates when difficult exceptions are to be identified.', 'Leverages an in-depth of understanding of the business in order to assure that adjustments are made correctly.', 'Assists in daily, weekly and monthly reporting using an understanding of the stock record and knowledge of basic accounting.']","['Good English', 'Bachelor’s / Master’s degree in an finance related discipline', 'Expertise in Microsoft Excel, VBA proficiency, Python, or Xceptor experience a plus', 'Good communication skills', 'Ability to work as part of the team', 'Ability to work under time pressure and deadlines', 'Attention to details', 'Analytical thinking', 'Able to resolve issues independently']"
 Specjalista ds. cyfryzacji ,Greiner Packaging Sp. z o.o.,Grodzisk Mazowiecki,['umowa o pracę'],['młodszy specjalista (Junior)'],['praca hybrydowa'],,"['Power BI', 'Power Apps', 'Power Automate', 'SharePoint', 'SQL']","['Python, R']","['Tworzenie i wdrażanie rozwiązań związanych z digitalizacją procesów w środowisku Microsoft Power Platform: Power BI, Power Apps, Power Automate oraz Sharepoint', 'Współpraca przy analizie, modelowaniu i optymalizacji procesów biznesowych w zgodzie z zasadami lean management przed ich cyfryzacją', 'Opieka nad portfolio ww. rozwiązań; aktywne poszukiwanie rozwiązań kreujących wartość biznesową', 'Gromadzenie danych z wykorzystaniem rozwiązań chmurowych i bazodanowych', 'Analiza danych oraz tworzenie algorytmów', 'Projektowanie i wdrażanie systemów zbierania danych', 'Współpraca i sprawozdawczość w międzynarodowych zespołach projektowych']","['Wykształcenie wyższe, profil Inżynieria Produkcji. Jesteśmy otwarci na nawiązanie współpracy ze studentami ostatniego roku tego kierunku.', 'Podstawowa znajomość SQL', 'Znajomość rozwiązań Power BI, Power Apps, Power Automate, Sharepoint', 'Umiejętność logicznej i czytelnej wizualizacji danych', 'Znajomość języka angielskiego umożliwiająca płynną komunikację w międzynarodowych zespołach', 'Znajomość przynajmniej jednego języka programowania i podstawowych koncepcji programistycznych', 'znajomość zagadnień i narzędzi data science: techniki uczenia maszynowego, języków programowania Python, R']"
Młodszy Inżynier ds. Analiz Przepływu Ciepła ,MTU Aero Engines Polska Sp. z o.o.,Tajęcina (pow. rzeszowski),['umowa o pracę'],['młodszy specjalista (Junior)'],['praca hybrydowa'],,,,"['Codzienna praca w międzynarodowym zespole inżynierów nad optymalizacją i rozwojem komponentów silników lotniczych,', 'Przygotowywanie modeli komponentów do analiz numerycznych przepływu ciepła (modele 2D i 3D), przeprowadzanie analiz, opracowywanie i analiza wyników obliczeń oraz tworzenie dokumentacji, prezentowanie wyników,', 'Odpowiedzialność ze strony dyscypliny przepływu ciepła za poszczególne komponenty różnych linii silnikowych', 'Wspieranie badań eksperymentalnych analizami numerycznymi,', 'Praca nad rozwojem metod, narzędzi i procesów wykorzystywanych do analiz przepływu ciepła.']","['Wykształcenie wyższe techniczne na kierunku Mechanika i Budowa Maszyn, Lotnictwo, Energetyka lub pokrewnym,', 'Znajomość zagadnień z zakresu przepływu ciepła, i analiz termicznych (MES, CFD),', 'Doświadczenie zdobyte w czasie stażów studenckich', 'Bardzo dobra znajomość języka angielskiego pozwalająca na swobodną komunikację w mowie i piśmie,', 'Mile widziana znajomość programów Patran i HyperMesh, oraz umiejętność programowania (Python, C++)', 'Umiejętność pracy w środowisku Unix i Windows,', 'Umiejętność pracy w zespole, otwartość, komunikatywność']"
Badacz Danych - Orange Graduate Program,Orange Polska,Warszawa,['umowa o pracę'],['młodszy specjalista (Junior)'],['praca hybrydowa'],['rekrutacja zdalna'],"['Pyton', 'SAS', 'Power BI']",,"['Sporządzanie biznesowych analiz predykcyjnych z wykorzystaniem zaawansowanych narzędzi analitycznych', 'Współpraca z Marketingiem i Sprzedażą w zakresie generowania wartości dla klientów i dla firmy', 'Budowanie modeli predykcyjnych dla złożonych zjawisk takich jak modele popytowe i scoringi antychurnowe', 'Analizowanie dużych zbiorów danych', 'Doradztwo eksperckie na rzecz kampanii marketingowych w zakresie produktu', 'Kreowanie nowych rozwiązań oraz inspirowanie innych', 'Doradztwo i rekomendacje w zakresie rozwoju narzędzi analitycznych BI oraz uczestnictwo w projektach i programach realizowanych na rzecz budowy i rozwoju narzędzi analitycznych', 'Zaangażowanie w międzynarodowe projekty, które mają realny wpływ na biznes']","['Doświadczenie w pracy z analizą danych, w tym w analizie predykcyjnej.', 'Znajomość klasycznych algorytmów uczenia maszynowego, oraz umiejętnego ich zastosowania', 'Doświadczenie w programowaniu w języku Python', 'Znajomość zagadnień bazodanowych (w tym optymalizacja przetwarzań).', 'Umiejętność wizualizacji danych w Power BI', 'Znajomość systemu Linux, SAS 4GL pozwalająca na swobodną pracę w tym środowisku', 'Gotowość na wyjazd z Polski na 2-3 lata (po roku lub dwóch od dołączenia do Programu)', 'Student lub absolwent politechniki lub uczelni technicznej z dyplomem magistra uzyskanym w 2020, 2021, 2022 lub do 30 września 2022 roku', 'Biegła znajomość języka angielskiego (poziom B2/C1)', 'Znajomość języka francuskiego będzie dodatkowym atutem']"
Junior DevOps Engineer,Asseco Poland S.A.,Katowice,"['umowa o pracę', 'umowa zlecenie']","['specjalista (Mid / Regular)', 'młodszy specjalista (Junior)']",['praca hybrydowa'],['rekrutacja zdalna'],['Java'],"['Jenkins', 'Artifactory', 'Ansible', 'Git', 'Docker', 'OpenShift', 'Jira', 'Nexus', 'Python']","['Rozwój i administracja linii CI/CD (Jenkins, Docker, OpenShift, Ansible, Artifactory, Nexus)', 'Wspieranie zespołów scrumowych w rozwijaniu i utrzymywaniu narzędzi, z których korzystają', 'Proponowanie i wdrażanie własnych pomysłów opartych o najnowocześniejsze rozwiązania na rynku', 'Opracowywanie dokumentacji wdrożonych rozwiązań', 'Raportowanie oraz obsługa incydentów w JIRA']","['Wykształcenie wyższe (informatyczne lub pokrewne) lub ostatni rok studiów', 'Podstawowa znajomość programowania, preferowane języki: Java i/lub JavaScript', 'Znajomość relacyjnych baz danych', 'Umiejętność pracy w zespole', 'Gotowość do pracy na pełen etat - warunek konieczny', 'Bezkonfliktowość, otwartość i zaangażowanie', 'Umiejętność precyzyjnego formułowania wypowiedzi', 'Jenkins, Artifactory, Ansible, Git, Docker, OpenShift, Jira, Nexus, shell scripting', 'Znajomość systemu UNIX, z/OS']"
Junior Systems Engineer/DevOps,Lufthansa Systems,Gdańsk,"['contract of employment', 'B2B contract']","['specialist (Mid / Regular)', 'junior specialist (Junior)']",['hybrid work'],['remote recruitment'],"['DevOps', 'Bash', 'Go', 'Ruby', 'Python', 'Docker', 'Kubernetes', 'Jenkins', 'Azure DevOps']","['Terraform', 'Ansible', 'Kafka', 'Elasticsearch']","['We are looking for Junior Systems Engineers/DevOps who will become a part of the Agile Team that creates and supports pipelines, fixes the deployments and maintains the monitoring systems. DevOps Engineer on that position will closely cooperate with Development and Operation Teams across the whole Lufthansa Group. Using the latest technologies in Cloud and containerisation they will participate in Digitalisation process of Group Airlines in Digital Delivery Lab, leading Digitalisation division in Lufthansa Group.\u200b']","['At least 2 years of experience in DevOps positions creating, maintaining, supporting pipelines,', 'Knowledge of at least one of the OS ecosystems: Windows, Linux,', 'Scripting in at least one language: Bash, Go, Ruby, Python,', 'Basic understanding of containerisation (Docker or Kubernetes),', 'Knowledge of at least one of CI/CD ecosystems: Jenkins or Azure DevOps,', 'Creativity, responsibility and teamwork ability,', 'Readiness to learn,', 'Very good command in English\u200b.', 'Knowledge of automatisation tools like: Terraform, Ansible would be an advantage,', 'Basic experience in the Cloud environment (Azure/Google),', 'Knowledge of ElasticSearch or Kafka will be nice to have\u200b.']"
Młodszy Analityk ds. Modelowania ,Compensa Towarzystwo Ubezpieczeń S.A. Vienna Insurance Group,Warszawa,['umowa o pracę'],['młodszy specjalista (Junior)'],['praca hybrydowa'],['rekrutacja zdalna'],['SQL'],['Python'],"['Przygotowanie oraz analiza danych do tworzenia modeli statystycznych', 'Udział w tworzeniu modeli predykcyjnych przy użyciu GLM oraz Machine Learning oraz ich kalibracji', 'Poszukiwanie nowych zmiennych i interakcji', 'Wspieranie tworzenia raportów i statystyk dotyczących jakości portfela', 'Przetwarzanie danych polisowych i szkodowych na potrzeby dalszych analiz i modelowania']","['Bardzo dobra znajomość MS Excel', 'Znajomość SQL', 'Znajomość Python, Data Bricks, Jupyter Notebook oraz narzędzi dedykowanych ubezpieczeniom (Emblem, Radar, Earnix, Akur8) będzie dodatkowym atutem', 'Dobra znajomość języka angielskiego', 'Umiejętność pracy w zespole']"
Junior RPA Developer,TDJ Sp. z o.o.,Katowice,['umowa o pracę'],['młodszy specjalista (Junior)'],['praca hybrydowa'],,,"['VBA', 'UiPath', 'Python', 'Microsoft Power Automate']","['Prowadzenie projektów automatyzacji procesów biznesowych przy użyciu technologii RPA (projektowanie, rozwój i wdrażanie robotów) – stały kontakt z klientem na każdym etapie projektu', 'Tworzenie specyfikacji technicznej robota - SDD', 'Testowanie i przygotowywanie procedur wdrażania robotów', 'Zapewnienie bieżącego wsparcia operacyjnego w ramach SLA, w tym aktualizacja, usuwanie usterek i utrzymanie istniejących robotów', 'Udział w projekcie przejęcia robotów od zewnętrznego dostawcy w celu dalszego rozwoju i utrzymania', 'Zarządzanie platformą RPA (orkiestracja, użytkownicy, uprawnienia)']","['Wykształcenie średnie lub wyższe (informatyka i kierunki pokrewne)', 'Min. 2 zrealizowane projekty RPA działające produkcyjnie', 'Znajomości technologii i procesów automatyzacji - biegłość w min. jednej z technologii: Microsoft Power Automate, UiPath, WinAutomation, Automation Anywhere', 'Znajomość min. jednego języka programowania w stopniu podstawowym (mile widziane Python, VBA)', 'Doskonałe zdolności analityczne oraz logicznego myślenia', 'Umiejętności pracy w zespole, chęci uczenia się, otwartości na zmiany oraz umiejętności szybkiego dostosowania się do nowych technologii i rozwiązań', 'Znajomość języka angielskiego w stopniu komunikatywnym', 'Posiadanie doświadczenia w przynajmniej jednym z obszarów: SSC, BPO, Finanse, Logistyka, Produkcja, Zakupy, ERP', ""Stworzenie lub utrzymywanie min. jednej aplikacji backend'owej (np. Node.js & Express) lub frontend'owej (np. React.js)"", 'Udział w projekcie przejęcia robotów od zewnętrznego dostawcy', 'Zarządzanie infrastrukturą niezbędną do działania projektów RPA']"
Junior Systems Engineer / Cloud,Lufthansa Systems,Gdańsk,"['contract of employment', 'B2B contract']","['specialist (Mid / Regular)', 'junior specialist (Junior)']",['hybrid work'],['remote recruitment'],"['Cloud', 'Azure', 'PowerShell']","['Ansible', 'Terraform', 'Kibana', 'Grafana']","['A person in this position will be responsible for the setup of the', 'Cloud infrastructure, both for new Cloud Projects and Cloud Migration', 'Projects, as well; management and troubleshooting of the environments', 'located in Cloud. The person will be working as a part of Agile Team to', 'complete the design, security, build test and release of new technology', 'capabilities. Cooperation with 24/7 teams and with the other project teams', 'within Lufthansa Group. Participation in innovative projects within LH Group', '(Lufthansa, Swiss, Austrian, Brussels Airlines).']","['Higher education - IT profile is preferred,', 'Knowledge of cloud solutions with focus on MS Azure,', 'Practical knowledge of MS Windows Server operating systems,', 'Experience in scripting languages (e.g., PowerShell, Azure CLI),', 'Creativity, responsibility and teamwork ability,', 'Readiness to learn,', 'Very good command in English (spoken/written).', 'Experience in MS Azure cloud platform', 'Experience in Active Directory and Azure Active Directory,', 'Practical experience in automatization tools (Ansible, Terraform)', 'Working in ITIL oriented environment,', 'Experience in monitoring/logging tools (Kibana, Grafana)']"
CRM Analyst,Nationale-Nederlanden,Warszawa,['umowa o pracę'],"['specjalista (Mid / Regular)', 'młodszy specjalista (Junior)']",['praca hybrydowa'],['rekrutacja zdalna'],,,"['Przygotowywanie kampanii od strony analityczno-bazodanowej', 'Konfiguracja kampanii w Customter Intelligence Studio', 'Przeprowadzanie analiz wykorzystujących różne źródła danych', 'Przygotowywanie i wdrażanie modeli analitycznych na potrzeby prowadzonych działań we wszystkich kanałach kontaktu z klientami', 'Przekładanie potrzeb biznesowych na projekty analityczne']","['Posiadasz wykształcenie wyższe (analizy danych, matematyka, statystyka, kierunki politechniczne)', 'Masz doświadczenie w obszarze analiz i baz danych', 'Masz doświadczenie w samodzielnym prowadzeniu projektów analitycznych', 'Wykazujesz się znajomością relacyjnych baz danych, języka SQL, środowiska MS SQL Server', 'Znajomość Python/SAS CI Studio – mile widziana', 'Wykazujesz się umiejętnością modelowania danych, analiz statystycznych', 'Masz doświadczenie w wykorzystywaniu danych z różnych źródeł', 'Wykazujesz się poszukiwaniem i kreowaniem nowych rozwiązań, orientacją na zmianę', 'Znasz język angielski']"
JIRA Service Desk Junior Specialist,EcoVadis Polska Sp. z o. o.,Warszawa,['contract of employment'],['junior specialist (Junior)'],['hybrid work'],['remote recruitment'],"['JIRA', 'API', 'Python', 'ITIL']",,"['Together with Service Desk Lead working on designing, analysing and developing workflows; building custom applications; developing mechanisms to automate manual processes', 'Provide assistance and advice in discussions regarding JIRA, especially as new implications arise in the environment with internal users accessing the current and new instance and learn to be the Subject Matter Expert', 'Creating and maintaining technical and/or user facing documentation for training', 'Partnering with various team leaders and project leads to implement consistent process and usage of JIRA', 'Develop strong understanding of tools integrated with JIRA (AAD, TFS, Confluence, Google Workspace...)', 'Partner with IT and Security teams to ensure roles, profiles, permissions, and provisioning are streamlined and built for scale', 'Assist the Service Desk Lead in his daily operational tasks', 'Helping to strengthen use and adoption of Jira tools (JSM and confluence among others) following best practises and scalable strategies', 'Serve as a subject matter expert on Jira to field questions and provide hands-on support to different teams as they move forward with adoption of Jira tools and practises', 'Develop effective dashboards and reporting to support leadership and project teams', 'Sharing best practices to help guide teams to technical excellence in using Jira and related technologies', 'Animate workshops related to Service management and JIRA tools as may be required or assisting the Service Desk Lead in doing so', 'Identify and build relationships with the key stakeholders and teams to foster collaboration in working to solutions', 'Help with defining the vision and strategy of JIRA tools within the organisation', 'Implement reporting and dashboards using BI tools']","['At least 1year experience as JIRA Administrator', 'Experience working with schemas, workflow and schemes on JIRA', 'Able to assist in translating business needs to JIRA projects', 'A desire to be a team player for working in highly collaborative environments', 'Experience with agile principles and project management methodologies would be a plus', 'Self-motivated, creative, results driven, solution oriented, driven to succeed. Able to work around ‘blockers’ with teams and help the Service Desk Lead come up with long-term solutions', 'Good level of accuracy and attention to detail', 'Organised and able to manage projects', 'Ability to learn new systems and technology quickly', 'Excellent English written and verbal communication skills', 'Degree in Information Technology, Business, Computer Science, or other related field', 'Experience working with API and Python is a plus', 'Jira and/or ITIL certifications is a plus', 'Experience working with Confluence, OpsGenie and other Atlassian tools are a plus', 'Experience working on BI tools is a plus']"
Młodszy Specjalista w Departamencie Taryfikacji,InterRisk Towarzystwo Ubezpieczeń Spółka Akcyjna Vienna Insurance Group,Warszawa,['umowa o pracę'],"['specjalista (Mid / Regular)', 'młodszy specjalista (Junior)']",['praca hybrydowa'],['rekrutacja zdalna'],,,"['Wsparcie zespołu w zakresie ustalania taryfy składek ubezpieczeń komunikacyjnych', 'Udział w procesie budowy i rozwoju modeli ryzyka w ubezpieczeniach komunikacyjnych', 'Przygotowanie i walidacja danych - hipotez statycznych i underwritingowych', 'Przeprowadzanie i ocena poprawności, adekwatności prognoz modelowych', 'Udział w procesie implementacji modeli w aktualnej taryfie handlowej']","['Wykształcenie wyższe lub w trakcie nauki na V roku studiów (preferowane w zakresie matematyki i nauk informacyjnych)', 'Chęć rozwoju w obszarze taryfikacji ubezpieczeń komunikacyjnych', 'Podstawowe umiejętności w zakresie SQL, R/Python', 'Zdolności analityczne', 'Samodzielność oraz umiejętności organizacji pracy własnej', 'Pierwsze doświadczenia związane z pracą na stanowiskach analitycznych lub aktuarialnych', 'Znajomość zagadnień matematyki ubezpieczeniowej']"
Junior Product Support Representative,FIS Technology Services Poland Sp. z o.o.,Wrocław,['contract of employment'],['junior specialist (Junior)'],['hybrid work'],['remote recruitment'],,,"['Provide in-depth product support to FIS clients by resolving incoming inquiries.', 'Respond to customer product inquiries via telephone or in written internet-based email', 'or chat sessions.', 'Troubleshoot problems with malfunctioning software applications and recommends corrective action.', 'Document customer information and recurring technical issues to support product quality programs and product development.', 'Recreate and resolve client issues in test environment, Identifies/documents how applications', 'and systems interact to support business processes.']","['BA or MA degree in: Computer Science, Finance, Math, Business, Management,', 'Economics or similar', 'Fluency in English – speaking and writing', 'Finance and/or Accounting qualifications/experience is beneficial', 'Computer/technical literacy (Microsoft Office: Word, Excel, Power Point and Project)', 'Excellent written, verbal and inter-personal communication skills', 'Analytical and problem-solving skills', 'Strong desire to learn the products, processes and related industries', 'Ability to deal with high pressure situations and incidents', 'Team player and willing to progress in a rapidly changing environment', 'Highly motivated and keen to succeed']"
Młodszy programista Java - testy automatyczne,Qualent Sp.zo.o Sp.k,Warszawa,"['umowa o pracę', 'umowa zlecenie', 'kontrakt B2B']",['młodszy specjalista (Junior)'],['praca zdalna'],['rekrutacja zdalna'],,,"['udział w projektowaniu i implementacji nowych produktów', 'uczestniczymy w całym cyklu wytwarzania oprogramowania (od analizy wymagań do wdrożenia)', 'mamy możliwość wpływu na zmiany technologiczne, wdrażanie dobrych praktyk i standardów dla poszczególnych aspektów wytwarzania oprogramowania', 'uczestnictwo w wytwarzaniu responsywnych i nowoczesnych aplikacji Java', 'testowanie aplikacji', 'praca zgodna z metodyką Scrum', 'Selenium WebDriver / Postman/ Cypress/ TeamCity, Jira, Java / C# / Python / JavaScript']","['Doświadczenie komercyjne w pracy na stanowisku testera automatycznego', 'podstawowa umiejętność programowania w Javie - min. 1 rok doświadczenia', 'Praktyczna znajomość min. jednego z narzędzi: Selenium Test Complete/Robot Framework/J-Unit/ Jenkins', 'Komunikatywność i zaangażowanie']"
Junior Python Developer,IMS r&d Sp. z o.o.,Kraków,"['umowa o pracę', 'kontrakt B2B']","['specjalista (Mid / Regular)', 'młodszy specjalista (Junior)']",['praca hybrydowa'],,"['Django', 'PostgreSQL', 'Python', 'Git']","['PHP', 'CSS', 'JavaScript']","['Tworzenie i rozwój aplikacji w języku Python / Django', 'Udział w rozwijaniu i utrzymaniu wdrożonych aplikacji', 'Rozwijanie oprogramowania narzędziowego i aplikacji Klienta', 'Praca z bazami danych PostgreSQL', 'Kontrolowanie jakość kodu, sugerowanie zmian optymalizacyjnych', 'Tworzenie dokumentacji technicznej']","['Dobra znajomość Python 2.7 i 3.6', 'Dobra znajomość frameworku Django', 'Dobra znajomość PostgreSQL', 'Znajomości linii komend Linux', 'Znajomość systemu kontroli wersji Git', 'Mile widziana znajomość PHP', 'Mile widziana znajomość CSS / HTML / JavaScript', 'Kreatywność, samodzielność i elastyczność w rozwiązywaniu problemów', 'Otwartość i umiejętność pracy w zespole', 'Dobra organizacja pracy', 'Znajomości języka angielskiego na poziomie umożliwiającym czytanie dokumentacji technicznej']"
Junior Java Developer,Lufthansa Systems,Gdańsk,"['contract of employment', 'B2B contract']",['junior specialist (Junior)'],"['home office work', 'hybrid work']",['remote recruitment'],"['Java', 'Git', 'CI/CD', 'Maven']","['Python', 'Jira', 'RESTful']","['You will create and maintain services for frontend pages, communication with external systems']","['Experience in Java programming,', 'Practical knowledge of design patterns and good practices of coding,', 'Expertise in software quality assurance,', 'Working knowledge of modern development tools and processes (Git, CI/CD, Maven),', 'Very good command of English language.', 'Knowledge of software development processes,', 'Work experience in international environment,', 'Knowledge of Java, Python and other programming languages,', 'Spring experience', 'Knowledge of building microservices', 'Knowledge of building RESTful services', 'Experience working with JIRA or similar issue tracking tools']"
